{"cameraMode":{"drawMode":0,"name":"Shaded","section":"Shading Mode"},"sceneLighting":true,"audioPlay":false,"sceneViewState":{"m_AlwaysRefresh":false,"showFog":true,"showSkybox":false,"showFlares":true,"showImageEffects":true,"showParticleSystems":true,"showVisualEffectGraphs":true,"m_FxEnabled":true},"in2DMode":false,"pivot":{"x":-6.110200881958008,"y":-0.4038720428943634,"z":10.38502311706543},"rotation":{"x":-0.04608510062098503,"y":-0.06857679784297943,"z":0.0031790826469659807,"w":-0.9965974688529968},"size":12.872047424316407,"orthographic":false}