{"cameraMode":{"drawMode":0,"name":"Shaded","section":"Shading Mode"},"sceneLighting":false,"audioPlay":false,"sceneViewState":{"m_AlwaysRefresh":false,"showFog":true,"showSkybox":false,"showFlares":true,"showImageEffects":true,"showParticleSystems":true,"showVisualEffectGraphs":true,"m_FxEnabled":true},"in2DMode":false,"pivot":{"x":0.03702396899461746,"y":-0.8468979597091675,"z":0.1299969106912613},"rotation":{"x":-0.22634121775627137,"y":-0.10989547520875931,"z":0.02571561001241207,"w":-0.9675084352493286},"size":1.4773286581039429,"orthographic":false}