{"cameraMode":{"drawMode":0,"name":"Shaded","section":"Shading Mode"},"sceneLighting":true,"audioPlay":false,"sceneViewState":{"m_AlwaysRefresh":false,"showFog":true,"showSkybox":true,"showFlares":true,"showImageEffects":true,"showParticleSystems":true,"showVisualEffectGraphs":true,"m_FxEnabled":true},"in2DMode":false,"pivot":{"x":9.463187217712403,"y":12.863396644592286,"z":-5.559837818145752},"rotation":{"x":-0.015384540893137455,"y":-0.9552367925643921,"z":0.050483424216508868,"w":-0.2911015450954437},"size":33.67729949951172,"orthographic":false}