{"cameraMode":{"drawMode":0,"name":"Shaded","section":"Shading Mode"},"sceneLighting":true,"audioPlay":false,"sceneViewState":{"m_AlwaysRefresh":false,"showFog":true,"showSkybox":true,"showFlares":true,"showImageEffects":true,"showParticleSystems":true,"showVisualEffectGraphs":true,"m_FxEnabled":true},"in2DMode":false,"pivot":{"x":-9.724519729614258,"y":2.6724166870117189,"z":2.846444606781006},"rotation":{"x":0.28279632329940798,"y":-0.2653948664665222,"z":0.08174619823694229,"w":0.9181036949157715},"size":10.625588417053223,"orthographic":false}