{"cameraMode":{"drawMode":0,"name":"Shaded","section":"Shading Mode"},"sceneLighting":true,"audioPlay":false,"sceneViewState":{"m_AlwaysRefresh":false,"showFog":true,"showSkybox":false,"showFlares":true,"showImageEffects":true,"showParticleSystems":true,"showVisualEffectGraphs":true,"m_FxEnabled":true},"in2DMode":false,"pivot":{"x":-1.0788397789001465,"y":1.2538626194000245,"z":5.699410915374756},"rotation":{"x":-0.04608510062098503,"y":-0.06857679784297943,"z":0.0031790826469659807,"w":-0.9965974688529968},"size":7.397741794586182,"orthographic":false}