{"cameraMode":{"drawMode":0,"name":"Shaded","section":"Shading Mode"},"sceneLighting":true,"audioPlay":false,"sceneViewState":{"m_AlwaysRefresh":false,"showFog":true,"showSkybox":false,"showFlares":true,"showImageEffects":true,"showParticleSystems":true,"showVisualEffectGraphs":true,"m_FxEnabled":true},"in2DMode":false,"pivot":{"x":-3.621633768081665,"y":0.17246797680854798,"z":-0.3437769412994385},"rotation":{"x":-0.12011522054672241,"y":0.058041464537382129,"z":-0.007023446261882782,"w":-0.9910585880279541},"size":2.1913492679595949,"orthographic":false}